id,control,priority,scope,owner,status,implementation_ref,verification_method,framework_mapping,asvs_ids,next_review_trigger,exception,evidence_ref,evidence_date,source_review_date,source_commit
P-01,tenant/object isolation,P0,web/API/plugins,maintainer (assignment pending),implemented but unverified,internal/api/org_routes_test.go;internal/api/plugins_test.go;internal/api/poker_split_test.go,two-org negative tests across reads/lists/mutations/export/async; review lookups,CSF:Protect;SSDF:PW.1/PW.8,v5.0.0-8.2.2;v5.0.0-8.4.1,identity/tenancy/route/store change,,docs/security/poker-splits.md,2026-10-10,2026-10-04,94a1772d56b1ff9f7d2b51fae6c469cb3d2f9a90
P-02,guest/embedded/admin permissions,P0,web/API,maintainer (assignment pending),implemented but unverified,internal/api/link_routes_test.go;internal/api/embed_routes_test.go;internal/api/custody_test.go;internal/api/poker_split_test.go,wrong role/object and direct calls; guest/embedded allow-lists; custody projection,CSF:Protect;SSDF:PW.1/PW.8,v5.0.0-8.2.1;v5.0.0-8.3.1,route/role/custody change,,docs/security/poker-splits.md,2026-10-10,2026-10-04,94a1772d56b1ff9f7d2b51fae6c469cb3d2f9a90
P-03,client-safe projection,P0,HTTP/WebSocket/CSV/plugin frame,maintainer (assignment pending),implemented but unverified,internal/api/export_test.go;internal/api/pluginpanels_test.go;web/src/lib/pluginBridge.test.ts;internal/api/poker_split_test.go,hidden votes/authorship and unrelated rooms absent on every delivery path,CSF:Protect;SSDF:PW.8,v5.0.0-8.2.3,serializer/export/frame change,,docs/security/poker-splits.md,2026-10-10,2026-10-04,94a1772d56b1ff9f7d2b51fae6c469cb3d2f9a90
P-04,identity and revocation,P0,OIDC/tokens/links/live sockets,maintainer (assignment pending),implemented but unverified,internal/auth/oidc_test.go;internal/api/auth_test.go;internal/hub/lifecycle_test.go,wrong issuer/audience and callback; expired/revoked tokens and changed membership; manual IdP review,CSF:Protect;SSDF:PW.8,v5.0.0-7.4.1,identity/session/IdP policy change,,,,2026-10-04,94a1772d56b1ff9f7d2b51fae6c469cb3d2f9a90
P-05,plugin least privilege and containment,P0,runtime/grants/HTTP/storage,maintainer (assignment pending),implemented but unverified,internal/plugin/host_test.go;internal/plugin/fetch_test.go;scripts/guard-mutation.sh,revoked grant and widening upgrade; DNS/redirect/SSRF; timeout/memory/quota; mutate every guard site,CSF:Protect;SSDF:PW.1/PW.8,v5.0.0-1.3.6;v5.0.0-8.3.1,grant/runtime/fetch/consent change,,,,2026-10-04,94a1772d56b1ff9f7d2b51fae6c469cb3d2f9a90
P-06,integration scope and upstream removal,P0,future Jira/Workspace/GitHub connectors,maintainer (assignment pending),planned,site/src/content/docs/security/integrations.mdx;docs/integrations/split-publication-contract.md;ROADMAP.md,separate import/write-back; two-org token selection; upstream permission/deletion and cache lag; webhook replay,CSF:Identify/Protect;SSDF:PW.1/PW.8,v5.0.0-8.2.2;v5.0.0-8.4.1,new connector/provider scope/cache change,,,,2026-10-04,94a1772d56b1ff9f7d2b51fae6c469cb3d2f9a90
P-07,secret custody and rotation,P0,plugin secrets/webhook signing,maintainer and operator (assignment pending),implemented but unverified,internal/plugin/secrets_test.go;internal/plugin/secrets.go;cmd/parley/main.go,wrong install/space/key; corrupt ciphertext; interrupted rotation; operator key recovery drill,CSF:Protect/Recover;SSDF:PW.8,,key/rotation/storage/backup change,,,,2026-10-04,94a1772d56b1ff9f7d2b51fae6c469cb3d2f9a90
P-08,release integrity and verification,P0/P1,distributed images/chart/plugin variants,maintainer (assignment pending),implemented but unverified,.github/workflows/release.yml;site/src/content/docs/security/supply-chain.mdx,retain source/digest/builder/provenance/SBOM; consumer positive/negative verification; external authority readback; SLSA requirement assessment,CSF:Govern/Protect;SSDF:PS.1/PS.2/PS.3,,builder/signing/source/release authority change,,,,2026-10-04,94a1772d56b1ff9f7d2b51fae6c469cb3d2f9a90
P-09,dependency and secret triage,P0,Go/npm/container/CI inputs,maintainer (assignment pending),implemented but unverified,.github/workflows/ci.yml;.github/dependabot.yml;go.mod;go.sum;web/package-lock.json;site/package-lock.json,review inventory and scan results; validate untrusted job isolation; owned reachability/impact exceptions; review secret scanning coverage,CSF:Identify/Protect;SSDF:PO.3/PW.4/RV.2,,dependency/base image/CI permission change,,,,2026-10-04,94a1772d56b1ff9f7d2b51fae6c469cb3d2f9a90
P-10,deployment hardening and incident response,P0/P1,operator infrastructure/IdP/logs,deployment operator (assignment pending),planned,site/src/content/docs/security/hardening-checklist.mdx;site/src/content/docs/operations/runbook.mdx;SECURITY.md,deployment inventory and manual access/ingress/log review; containment/revocation/evidence/communication exercise,CSF:Govern/Detect/Respond;SSDF:RV.1/RV.2,,exposure/provider/privileged-access change,,,,2026-10-04,94a1772d56b1ff9f7d2b51fae6c469cb3d2f9a90
P-11,restore and retention/deletion reconciliation,P0/P1,database/keys/backups/queued effects,deployment operator (assignment pending),planned,site/src/content/docs/operations/backups-and-recovery.mdx;site/src/content/docs/security/data-and-privacy.mdx,representative isolated restore; RPO/RTO timing; secret decryption; post-backup revoke/delete reconciliation; queued-effect review,CSF:Recover/Protect,,schema/key/identity/retention/infrastructure change,,,,2026-10-04,94a1772d56b1ff9f7d2b51fae6c469cb3d2f9a90
P-12,framework applicability and factual procurement,P1/P2,maintainer versus operated service,maintainer (assignment pending),planned,site/src/content/docs/security/program.mdx;docs/security/asvs-5.0.0.csv,full applicable L1/L2 matrix and manual evidence; SLSA track/level mapping; dated buyer packet; scope/owner decisions,CSF:Govern;SSDF:PO.1/PO.2,,material boundary change/new buyer/service scope,,,,2026-10-04,94a1772d56b1ff9f7d2b51fae6c469cb3d2f9a90
